0;0;0;0
1;128;0;0
2;0;128;0
3;128;128;0
4;0;0;128
5;128;0;128
6;0;128;128
7;128;128;128
8;64;0;0
9;192;0;0
10;64;128;0
11;192;128;0
12;64;0;128
13;192;0;128
14;64;128;128
15;192;128;128
16;0;64;0
17;128;64;0
18;0;192;0
19;128;192;0
20;0;64;128
21;128;64;128
22;0;192;128
23;128;192;128
24;64;64;0
25;192;64;0
26;64;192;0
27;192;192;0
28;64;64;128
29;192;64;128
30;64;192;128
31;192;192;128
32;0;0;64
33;128;0;64
34;0;128;64
35;128;128;64
36;0;0;192
37;128;0;192
38;0;128;192
39;128;128;192
40;64;0;64
41;192;0;64
42;64;128;64
43;192;128;64
44;64;0;192
45;192;0;192
46;64;128;192
47;192;128;192
48;0;64;64
49;128;64;64
50;0;192;64
51;128;192;64
52;0;64;192
53;128;64;192
54;0;192;192
55;128;192;192
56;64;64;64
57;192;64;64
58;64;192;64
59;192;192;64
60;64;64;192
61;192;64;192
62;64;192;192
63;192;192;192
64;32;0;0
65;160;0;0
66;32;128;0
67;160;128;0
68;32;0;128
69;160;0;128
70;32;128;128
71;160;128;128
72;96;0;0
73;224;0;0
74;96;128;0
75;224;128;0
76;96;0;128
77;224;0;128
78;96;128;128
79;224;128;128
80;32;64;0
81;160;64;0
82;32;192;0
83;160;192;0
84;32;64;128
85;160;64;128
86;32;192;128
87;160;192;128
88;96;64;0
89;224;64;0
90;96;192;0
91;224;192;0
92;96;64;128
93;224;64;128
94;96;192;128
95;224;192;128
96;32;0;64
97;160;0;64
98;32;128;64
99;160;128;64
100;32;0;192
101;160;0;192
102;32;128;192
103;160;128;192
104;96;0;64
105;224;0;64
106;96;128;64
107;224;128;64
108;96;0;192
109;224;0;192
110;96;128;192
111;224;128;192
112;32;64;64
113;160;64;64
114;32;192;64
115;160;192;64
116;32;64;192
117;160;64;192
118;32;192;192
119;160;192;192
120;96;64;64
121;224;64;64
122;96;192;64
123;224;192;64
124;96;64;192
125;224;64;192
126;96;192;192
127;224;192;192
128;0;32;0
129;128;32;0
130;0;160;0
131;128;160;0
132;0;32;128
133;128;32;128
134;0;160;128
135;128;160;128
136;64;32;0
137;192;32;0
138;64;160;0
139;192;160;0
140;64;32;128
141;192;32;128
142;64;160;128
143;192;160;128
144;0;96;0
145;128;96;0
146;0;224;0
147;128;224;0
148;0;96;128
149;128;96;128
150;0;224;128
151;128;224;128
152;64;96;0
153;192;96;0
154;64;224;0
155;192;224;0
156;64;96;128
157;192;96;128
158;64;224;128
159;192;224;128
160;0;32;64
161;128;32;64
162;0;160;64
163;128;160;64
164;0;32;192
165;128;32;192
166;0;160;192
167;128;160;192
168;64;32;64
169;192;32;64
170;64;160;64
171;192;160;64
172;64;32;192
173;192;32;192
174;64;160;192
175;192;160;192
176;0;96;64
177;128;96;64
178;0;224;64
179;128;224;64
180;0;96;192
181;128;96;192
182;0;224;192
183;128;224;192
184;64;96;64
185;192;96;64
186;64;224;64
187;192;224;64
188;64;96;192
189;192;96;192
190;64;224;192
191;192;224;192
192;32;32;0
193;160;32;0
194;32;160;0
195;160;160;0
196;32;32;128
197;160;32;128
198;32;160;128
199;160;160;128
200;96;32;0
201;224;32;0
202;96;160;0
203;224;160;0
204;96;32;128
205;224;32;128
206;96;160;128
207;224;160;128
208;32;96;0
209;160;96;0
210;32;224;0
211;160;224;0
212;32;96;128
213;160;96;128
214;32;224;128
215;160;224;128
216;96;96;0
217;224;96;0
218;96;224;0
219;224;224;0
220;96;96;128
221;224;96;128
222;96;224;128
223;224;224;128
224;32;32;64
225;160;32;64
226;32;160;64
227;160;160;64
228;32;32;192
229;160;32;192
230;32;160;192
231;160;160;192
232;96;32;64
233;224;32;64
234;96;160;64
235;224;160;64
236;96;32;192
237;224;32;192
238;96;160;192
239;224;160;192
240;32;96;64
241;160;96;64
242;32;224;64
243;160;224;64
244;32;96;192
245;160;96;192
246;32;224;192
247;160;224;192
248;96;96;64
249;224;96;64
250;96;224;64
251;224;224;64
252;96;96;192
253;224;96;192
254;96;224;192
255;224;224;192
256;0;0;32
257;128;0;32
258;0;128;32
259;128;128;32
260;0;0;160
261;128;0;160
262;0;128;160
263;128;128;160
264;64;0;32
265;192;0;32
266;64;128;32
267;192;128;32
268;64;0;160
269;192;0;160
270;64;128;160
271;192;128;160
272;0;64;32
273;128;64;32
274;0;192;32
275;128;192;32
276;0;64;160
277;128;64;160
278;0;192;160
279;128;192;160
280;64;64;32
281;192;64;32
282;64;192;32
283;192;192;32
284;64;64;160
285;192;64;160
286;64;192;160
287;192;192;160
288;0;0;96
289;128;0;96
290;0;128;96
291;128;128;96
292;0;0;224
293;128;0;224
294;0;128;224
295;128;128;224
296;64;0;96
297;192;0;96
298;64;128;96
299;192;128;96
300;64;0;224
301;192;0;224
302;64;128;224
303;192;128;224
304;0;64;96
305;128;64;96
306;0;192;96
307;128;192;96
308;0;64;224
309;128;64;224
310;0;192;224
311;128;192;224
312;64;64;96
313;192;64;96
314;64;192;96
315;192;192;96
316;64;64;224
317;192;64;224
318;64;192;224
319;192;192;224
320;32;0;32
321;160;0;32
322;32;128;32
323;160;128;32
324;32;0;160
325;160;0;160
326;32;128;160
327;160;128;160
328;96;0;32
329;224;0;32
330;96;128;32
331;224;128;32
332;96;0;160
333;224;0;160
334;96;128;160
335;224;128;160
336;32;64;32
337;160;64;32
338;32;192;32
339;160;192;32
340;32;64;160
341;160;64;160
342;32;192;160
343;160;192;160
344;96;64;32
345;224;64;32
346;96;192;32
347;224;192;32
348;96;64;160
349;224;64;160
350;96;192;160
351;224;192;160
352;32;0;96
353;160;0;96
354;32;128;96
355;160;128;96
356;32;0;224
357;160;0;224
358;32;128;224
359;160;128;224
360;96;0;96
361;224;0;96
362;96;128;96
363;224;128;96
364;96;0;224
365;224;0;224
366;96;128;224
367;224;128;224
368;32;64;96
369;160;64;96
370;32;192;96
371;160;192;96
372;32;64;224
373;160;64;224
374;32;192;224
375;160;192;224
376;96;64;96
377;224;64;96
378;96;192;96
379;224;192;96
380;96;64;224
381;224;64;224
382;96;192;224
383;224;192;224
384;0;32;32
385;128;32;32
386;0;160;32
387;128;160;32
388;0;32;160
389;128;32;160
390;0;160;160
391;128;160;160
392;64;32;32
393;192;32;32
394;64;160;32
395;192;160;32
396;64;32;160
397;192;32;160
398;64;160;160
399;192;160;160
400;0;96;32
401;128;96;32
402;0;224;32
403;128;224;32
404;0;96;160
405;128;96;160
406;0;224;160
407;128;224;160
408;64;96;32
409;192;96;32
410;64;224;32
411;192;224;32
412;64;96;160
413;192;96;160
414;64;224;160
415;192;224;160
416;0;32;96
417;128;32;96
418;0;160;96
419;128;160;96
420;0;32;224
421;128;32;224
422;0;160;224
423;128;160;224
424;64;32;96
425;192;32;96
426;64;160;96
427;192;160;96
428;64;32;224
429;192;32;224
430;64;160;224
431;192;160;224
432;0;96;96
433;128;96;96
434;0;224;96
435;128;224;96
436;0;96;224
437;128;96;224
438;0;224;224
439;128;224;224
440;64;96;96
441;192;96;96
442;64;224;96
443;192;224;96
444;64;96;224
445;192;96;224
446;64;224;224
447;192;224;224
448;32;32;32
449;160;32;32
450;32;160;32
451;160;160;32
452;32;32;160
453;160;32;160
454;32;160;160
455;160;160;160
456;96;32;32
457;224;32;32
458;96;160;32
459;224;160;32
460;96;32;160
461;224;32;160
462;96;160;160
463;224;160;160
464;32;96;32
465;160;96;32
466;32;224;32
467;160;224;32
468;32;96;160
469;160;96;160
470;32;224;160
471;160;224;160
472;96;96;32
473;224;96;32
474;96;224;32
475;224;224;32
476;96;96;160
477;224;96;160
478;96;224;160
479;224;224;160
480;32;32;96
481;160;32;96
482;32;160;96
483;160;160;96
484;32;32;224
485;160;32;224
486;32;160;224
487;160;160;224
488;96;32;96
489;224;32;96
490;96;160;96
491;224;160;96
492;96;32;224
493;224;32;224
494;96;160;224
495;224;160;224
496;32;96;96
497;160;96;96
498;32;224;96
499;160;224;96
500;32;96;224
501;160;96;224
502;32;224;224
503;160;224;224
504;96;96;96
505;224;96;96
506;96;224;96
507;224;224;96
508;96;96;224
509;224;96;224
510;96;224;224
511;224;224;224
512;16;0;0
513;144;0;0
514;16;128;0
515;144;128;0
516;16;0;128
517;144;0;128
518;16;128;128
519;144;128;128
520;80;0;0
521;208;0;0
522;80;128;0
523;208;128;0
524;80;0;128
525;208;0;128
526;80;128;128
527;208;128;128
528;16;64;0
529;144;64;0
530;16;192;0
531;144;192;0
532;16;64;128
533;144;64;128
534;16;192;128
535;144;192;128
536;80;64;0
537;208;64;0
538;80;192;0
539;208;192;0
540;80;64;128
541;208;64;128
542;80;192;128
543;208;192;128
544;16;0;64
545;144;0;64
546;16;128;64
547;144;128;64
548;16;0;192
549;144;0;192
550;16;128;192
551;144;128;192
552;80;0;64
553;208;0;64
554;80;128;64
555;208;128;64
556;80;0;192
557;208;0;192
558;80;128;192
559;208;128;192
560;16;64;64
561;144;64;64
562;16;192;64
563;144;192;64
564;16;64;192
565;144;64;192
566;16;192;192
567;144;192;192
568;80;64;64
569;208;64;64
570;80;192;64
571;208;192;64
572;80;64;192
573;208;64;192
574;80;192;192
575;208;192;192
576;48;0;0
577;176;0;0
578;48;128;0
579;176;128;0
580;48;0;128
581;176;0;128
582;48;128;128
583;176;128;128
584;112;0;0
585;240;0;0
586;112;128;0
587;240;128;0
588;112;0;128
589;240;0;128
590;112;128;128
591;240;128;128
592;48;64;0
593;176;64;0
594;48;192;0
595;176;192;0
596;48;64;128
597;176;64;128
598;48;192;128
599;176;192;128
600;112;64;0
601;240;64;0
602;112;192;0
603;240;192;0
604;112;64;128
605;240;64;128
606;112;192;128
607;240;192;128
608;48;0;64
609;176;0;64
610;48;128;64
611;176;128;64
612;48;0;192
613;176;0;192
614;48;128;192
615;176;128;192
616;112;0;64
617;240;0;64
618;112;128;64
619;240;128;64
620;112;0;192
621;240;0;192
622;112;128;192
623;240;128;192
624;48;64;64
625;176;64;64
626;48;192;64
627;176;192;64
628;48;64;192
629;176;64;192
630;48;192;192
631;176;192;192
632;112;64;64
633;240;64;64
634;112;192;64
635;240;192;64
636;112;64;192
637;240;64;192
638;112;192;192
639;240;192;192
640;16;32;0
641;144;32;0
642;16;160;0
643;144;160;0
644;16;32;128
645;144;32;128
646;16;160;128
647;144;160;128
648;80;32;0
649;208;32;0
650;80;160;0
651;208;160;0
652;80;32;128
653;208;32;128
654;80;160;128
655;208;160;128
656;16;96;0
657;144;96;0
658;16;224;0
659;144;224;0
660;16;96;128
661;144;96;128
662;16;224;128
663;144;224;128
664;80;96;0
665;208;96;0
666;80;224;0
667;208;224;0
668;80;96;128
669;208;96;128
670;80;224;128
671;208;224;128
672;16;32;64
673;144;32;64
674;16;160;64
675;144;160;64
676;16;32;192
677;144;32;192
678;16;160;192
679;144;160;192
680;80;32;64
681;208;32;64
682;80;160;64
683;208;160;64
684;80;32;192
685;208;32;192
686;80;160;192
687;208;160;192
688;16;96;64
689;144;96;64
690;16;224;64
691;144;224;64
692;16;96;192
693;144;96;192
694;16;224;192
695;144;224;192
696;80;96;64
697;208;96;64
698;80;224;64
699;208;224;64
700;80;96;192
701;208;96;192
702;80;224;192
703;208;224;192
704;48;32;0
705;176;32;0
706;48;160;0
707;176;160;0
708;48;32;128
709;176;32;128
710;48;160;128
711;176;160;128
712;112;32;0
713;240;32;0
714;112;160;0
715;240;160;0
716;112;32;128
717;240;32;128
718;112;160;128
719;240;160;128
720;48;96;0
721;176;96;0
722;48;224;0
723;176;224;0
724;48;96;128
725;176;96;128
726;48;224;128
727;176;224;128
728;112;96;0
729;240;96;0
730;112;224;0
731;240;224;0
732;112;96;128
733;240;96;128
734;112;224;128
735;240;224;128
736;48;32;64
737;176;32;64
738;48;160;64
739;176;160;64
740;48;32;192
741;176;32;192
742;48;160;192
743;176;160;192
744;112;32;64
745;240;32;64
746;112;160;64
747;240;160;64
748;112;32;192
749;240;32;192
750;112;160;192
751;240;160;192
752;48;96;64
753;176;96;64
754;48;224;64
755;176;224;64
756;48;96;192
757;176;96;192
758;48;224;192
759;176;224;192
760;112;96;64
761;240;96;64
762;112;224;64
763;240;224;64
764;112;96;192
765;240;96;192
766;112;224;192
767;240;224;192
768;16;0;32
769;144;0;32
770;16;128;32
771;144;128;32
772;16;0;160
773;144;0;160
774;16;128;160
775;144;128;160
776;80;0;32
777;208;0;32
778;80;128;32
779;208;128;32
780;80;0;160
781;208;0;160
782;80;128;160
783;208;128;160
784;16;64;32
785;144;64;32
786;16;192;32
787;144;192;32
788;16;64;160
789;144;64;160
790;16;192;160
791;144;192;160
792;80;64;32
793;208;64;32
794;80;192;32
795;208;192;32
796;80;64;160
797;208;64;160
798;80;192;160
799;208;192;160
800;16;0;96
801;144;0;96
802;16;128;96
803;144;128;96
804;16;0;224
805;144;0;224
806;16;128;224
807;144;128;224
808;80;0;96
809;208;0;96
810;80;128;96
811;208;128;96
812;80;0;224
813;208;0;224
814;80;128;224
815;208;128;224
816;16;64;96
817;144;64;96
818;16;192;96
819;144;192;96
820;16;64;224
821;144;64;224
822;16;192;224
823;144;192;224
824;80;64;96
825;208;64;96
826;80;192;96
827;208;192;96
828;80;64;224
829;208;64;224
830;80;192;224
831;208;192;224
832;48;0;32
833;176;0;32
834;48;128;32
835;176;128;32
836;48;0;160
837;176;0;160
838;48;128;160
839;176;128;160
840;112;0;32
841;240;0;32
842;112;128;32
843;240;128;32
844;112;0;160
845;240;0;160
846;112;128;160
847;240;128;160
848;48;64;32
849;176;64;32
850;48;192;32
851;176;192;32
852;48;64;160
853;176;64;160
854;48;192;160
855;176;192;160
856;112;64;32
857;240;64;32
858;112;192;32
859;240;192;32
860;112;64;160
861;240;64;160
862;112;192;160
863;240;192;160
864;48;0;96
865;176;0;96
866;48;128;96
867;176;128;96
868;48;0;224
869;176;0;224
870;48;128;224
871;176;128;224
872;112;0;96
873;240;0;96
874;112;128;96
875;240;128;96
876;112;0;224
877;240;0;224
878;112;128;224
879;240;128;224
880;48;64;96
881;176;64;96
882;48;192;96
883;176;192;96
884;48;64;224
885;176;64;224
886;48;192;224
887;176;192;224
888;112;64;96
889;240;64;96
890;112;192;96
891;240;192;96
892;112;64;224
893;240;64;224
894;112;192;224
895;240;192;224
896;16;32;32
897;144;32;32
898;16;160;32
899;144;160;32
900;16;32;160
901;144;32;160
902;16;160;160
903;144;160;160
904;80;32;32
905;208;32;32
906;80;160;32
907;208;160;32
908;80;32;160
909;208;32;160
910;80;160;160
911;208;160;160
912;16;96;32
913;144;96;32
914;16;224;32
915;144;224;32
916;16;96;160
917;144;96;160
918;16;224;160
919;144;224;160
920;80;96;32
921;208;96;32
922;80;224;32
923;208;224;32
924;80;96;160
925;208;96;160
926;80;224;160
927;208;224;160
928;16;32;96
929;144;32;96
930;16;160;96
931;144;160;96
932;16;32;224
933;144;32;224
934;16;160;224
935;144;160;224
936;80;32;96
937;208;32;96
938;80;160;96
939;208;160;96
940;80;32;224
941;208;32;224
942;80;160;224
943;208;160;224
944;16;96;96
945;144;96;96
946;16;224;96
947;144;224;96
948;16;96;224
949;144;96;224
950;16;224;224
951;144;224;224
952;80;96;96
953;208;96;96
954;80;224;96
955;208;224;96
956;80;96;224
957;208;96;224
958;80;224;224
959;208;224;224
960;48;32;32
961;176;32;32
962;48;160;32
963;176;160;32
964;48;32;160
965;176;32;160
966;48;160;160
967;176;160;160
968;112;32;32
969;240;32;32
970;112;160;32
971;240;160;32
972;112;32;160
973;240;32;160
974;112;160;160
975;240;160;160
976;48;96;32
977;176;96;32
978;48;224;32
979;176;224;32
980;48;96;160
981;176;96;160
982;48;224;160
983;176;224;160
984;112;96;32
985;240;96;32
986;112;224;32
987;240;224;32
988;112;96;160
989;240;96;160
990;112;224;160
991;240;224;160
992;48;32;96
993;176;32;96
994;48;160;96
995;176;160;96
996;48;32;224
997;176;32;224
998;48;160;224
999;176;160;224
1000;112;32;96
1001;240;32;96
1002;112;160;96
1003;240;160;96
1004;112;32;224
1005;240;32;224
1006;112;160;224
1007;240;160;224
1008;48;96;96
1009;176;96;96
1010;48;224;96
1011;176;224;96
1012;48;96;224
1013;176;96;224
1014;48;224;224
1015;176;224;224
1016;112;96;96
1017;240;96;96
1018;112;224;96
1019;240;224;96
1020;112;96;224
1021;240;96;224
1022;112;224;224
1023;240;224;224
1024;0;16;0
1025;128;16;0
1026;0;144;0
1027;128;144;0
1028;0;16;128
1029;128;16;128
1030;0;144;128
1031;128;144;128
1032;64;16;0
1033;192;16;0
1034;64;144;0
1035;192;144;0
1036;64;16;128
1037;192;16;128
1038;64;144;128
1039;192;144;128
1040;0;80;0
1041;128;80;0
1042;0;208;0
1043;128;208;0
1044;0;80;128
1045;128;80;128
1046;0;208;128
1047;128;208;128
1048;64;80;0
1049;192;80;0
1050;64;208;0
1051;192;208;0
1052;64;80;128
1053;192;80;128
1054;64;208;128
1055;192;208;128
1056;0;16;64
1057;128;16;64
1058;0;144;64
1059;128;144;64
1060;0;16;192
1061;128;16;192
1062;0;144;192
1063;128;144;192
1064;64;16;64
1065;192;16;64
1066;64;144;64
1067;192;144;64
1068;64;16;192
1069;192;16;192
1070;64;144;192
1071;192;144;192
1072;0;80;64
1073;128;80;64
1074;0;208;64
1075;128;208;64
1076;0;80;192
1077;128;80;192
1078;0;208;192
1079;128;208;192
1080;64;80;64
1081;192;80;64
1082;64;208;64
1083;192;208;64
1084;64;80;192
1085;192;80;192
1086;64;208;192
1087;192;208;192
1088;32;16;0
1089;160;16;0
1090;32;144;0
1091;160;144;0
1092;32;16;128
1093;160;16;128
1094;32;144;128
1095;160;144;128
1096;96;16;0
1097;224;16;0
1098;96;144;0
1099;224;144;0
1100;96;16;128
1101;224;16;128
1102;96;144;128
1103;224;144;128
1104;32;80;0
1105;160;80;0
1106;32;208;0
1107;160;208;0
1108;32;80;128
1109;160;80;128
1110;32;208;128
1111;160;208;128
1112;96;80;0
1113;224;80;0
1114;96;208;0
1115;224;208;0
1116;96;80;128
1117;224;80;128
1118;96;208;128
1119;224;208;128
1120;32;16;64
1121;160;16;64
1122;32;144;64
1123;160;144;64
1124;32;16;192
1125;160;16;192
1126;32;144;192
1127;160;144;192
1128;96;16;64
1129;224;16;64
1130;96;144;64
1131;224;144;64
1132;96;16;192
1133;224;16;192
1134;96;144;192
1135;224;144;192
1136;32;80;64
1137;160;80;64
1138;32;208;64
1139;160;208;64
1140;32;80;192
1141;160;80;192
1142;32;208;192
1143;160;208;192
1144;96;80;64
1145;224;80;64
1146;96;208;64
1147;224;208;64
1148;96;80;192
1149;224;80;192
1150;96;208;192
1151;224;208;192
1152;0;48;0
1153;128;48;0
1154;0;176;0
1155;128;176;0
1156;0;48;128
1157;128;48;128
1158;0;176;128
1159;128;176;128
1160;64;48;0
1161;192;48;0
1162;64;176;0
1163;192;176;0
1164;64;48;128
1165;192;48;128
1166;64;176;128
1167;192;176;128
1168;0;112;0
1169;128;112;0
1170;0;240;0
1171;128;240;0
1172;0;112;128
1173;128;112;128
1174;0;240;128
1175;128;240;128
1176;64;112;0
1177;192;112;0
1178;64;240;0
1179;192;240;0
1180;64;112;128
1181;192;112;128
1182;64;240;128
1183;192;240;128
1184;0;48;64
1185;128;48;64
1186;0;176;64
1187;128;176;64
1188;0;48;192
1189;128;48;192
1190;0;176;192
1191;128;176;192
1192;64;48;64
1193;192;48;64
1194;64;176;64
1195;192;176;64
1196;64;48;192
1197;192;48;192
1198;64;176;192
1199;192;176;192
1200;0;112;64
1201;128;112;64
1202;0;240;64
1203;128;240;64
1204;0;112;192
1205;128;112;192
1206;0;240;192
1207;128;240;192
1208;64;112;64
1209;192;112;64
1210;64;240;64
1211;192;240;64
1212;64;112;192
1213;192;112;192
1214;64;240;192
1215;192;240;192
1216;32;48;0
1217;160;48;0
1218;32;176;0
1219;160;176;0
1220;32;48;128
1221;160;48;128
1222;32;176;128
1223;160;176;128
1224;96;48;0
1225;224;48;0
1226;96;176;0
1227;224;176;0
1228;96;48;128
1229;224;48;128
1230;96;176;128
1231;224;176;128
1232;32;112;0
1233;160;112;0
1234;32;240;0
1235;160;240;0
1236;32;112;128
1237;160;112;128
1238;32;240;128
1239;160;240;128
1240;96;112;0
1241;224;112;0
1242;96;240;0
1243;224;240;0
1244;96;112;128
1245;224;112;128
1246;96;240;128
1247;224;240;128
1248;32;48;64
1249;160;48;64
1250;32;176;64
1251;160;176;64
1252;32;48;192
1253;160;48;192
1254;32;176;192
1255;160;176;192
1256;96;48;64
1257;224;48;64
1258;96;176;64
1259;224;176;64
1260;96;48;192
1261;224;48;192
1262;96;176;192
1263;224;176;192
1264;32;112;64
1265;160;112;64
1266;32;240;64
1267;160;240;64
1268;32;112;192
1269;160;112;192
1270;32;240;192
1271;160;240;192
1272;96;112;64
1273;224;112;64
1274;96;240;64
1275;224;240;64
1276;96;112;192
1277;224;112;192
1278;96;240;192
1279;224;240;192
1280;0;16;32
1281;128;16;32
1282;0;144;32
1283;128;144;32
1284;0;16;160
1285;128;16;160
1286;0;144;160
1287;128;144;160
1288;64;16;32
1289;192;16;32
1290;64;144;32
1291;192;144;32
1292;64;16;160
1293;192;16;160
1294;64;144;160
1295;192;144;160
1296;0;80;32
1297;128;80;32
1298;0;208;32
1299;128;208;32
1300;0;80;160
1301;128;80;160
1302;0;208;160
1303;128;208;160
1304;64;80;32
1305;192;80;32
1306;64;208;32
1307;192;208;32
1308;64;80;160
1309;192;80;160
1310;64;208;160
1311;192;208;160
1312;0;16;96
1313;128;16;96
1314;0;144;96
1315;128;144;96
1316;0;16;224
1317;128;16;224
1318;0;144;224
1319;128;144;224
1320;64;16;96
1321;192;16;96
1322;64;144;96
1323;192;144;96
1324;64;16;224
1325;192;16;224
1326;64;144;224
1327;192;144;224
1328;0;80;96
1329;128;80;96
1330;0;208;96
1331;128;208;96
1332;0;80;224
1333;128;80;224
1334;0;208;224
1335;128;208;224
1336;64;80;96
1337;192;80;96
1338;64;208;96
1339;192;208;96
1340;64;80;224
1341;192;80;224
1342;64;208;224
1343;192;208;224
1344;32;16;32
1345;160;16;32
1346;32;144;32
1347;160;144;32
1348;32;16;160
1349;160;16;160
1350;32;144;160
1351;160;144;160
1352;96;16;32
1353;224;16;32
1354;96;144;32
1355;224;144;32
1356;96;16;160
1357;224;16;160
1358;96;144;160
1359;224;144;160
1360;32;80;32
1361;160;80;32
1362;32;208;32
1363;160;208;32
1364;32;80;160
1365;160;80;160
1366;32;208;160
1367;160;208;160
1368;96;80;32
1369;224;80;32
1370;96;208;32
1371;224;208;32
1372;96;80;160
1373;224;80;160
1374;96;208;160
1375;224;208;160
1376;32;16;96
1377;160;16;96
1378;32;144;96
1379;160;144;96
1380;32;16;224
1381;160;16;224
1382;32;144;224
1383;160;144;224
1384;96;16;96
1385;224;16;96
1386;96;144;96
1387;224;144;96
1388;96;16;224
1389;224;16;224
1390;96;144;224
1391;224;144;224
1392;32;80;96
1393;160;80;96
1394;32;208;96
1395;160;208;96
1396;32;80;224
1397;160;80;224
1398;32;208;224
1399;160;208;224
1400;96;80;96
1401;224;80;96
1402;96;208;96
1403;224;208;96
1404;96;80;224
1405;224;80;224
1406;96;208;224
1407;224;208;224
1408;0;48;32
1409;128;48;32
1410;0;176;32
1411;128;176;32
1412;0;48;160
1413;128;48;160
1414;0;176;160
1415;128;176;160
1416;64;48;32
1417;192;48;32
1418;64;176;32
1419;192;176;32
1420;64;48;160
1421;192;48;160
1422;64;176;160
1423;192;176;160
1424;0;112;32
1425;128;112;32
1426;0;240;32
1427;128;240;32
1428;0;112;160
1429;128;112;160
1430;0;240;160
1431;128;240;160
1432;64;112;32
1433;192;112;32
1434;64;240;32
1435;192;240;32
1436;64;112;160
1437;192;112;160
1438;64;240;160
1439;192;240;160
1440;0;48;96
1441;128;48;96
1442;0;176;96
1443;128;176;96
1444;0;48;224
1445;128;48;224
1446;0;176;224
1447;128;176;224
1448;64;48;96
1449;192;48;96
1450;64;176;96
1451;192;176;96
1452;64;48;224
1453;192;48;224
1454;64;176;224
1455;192;176;224
1456;0;112;96
1457;128;112;96
1458;0;240;96
1459;128;240;96
1460;0;112;224
1461;128;112;224
1462;0;240;224
1463;128;240;224
1464;64;112;96
1465;192;112;96
1466;64;240;96
1467;192;240;96
1468;64;112;224
1469;192;112;224
1470;64;240;224
1471;192;240;224
1472;32;48;32
1473;160;48;32
1474;32;176;32
1475;160;176;32
1476;32;48;160
1477;160;48;160
1478;32;176;160
1479;160;176;160
1480;96;48;32
1481;224;48;32
1482;96;176;32
1483;224;176;32
1484;96;48;160
1485;224;48;160
1486;96;176;160
1487;224;176;160
1488;32;112;32
1489;160;112;32
1490;32;240;32
1491;160;240;32
1492;32;112;160
1493;160;112;160
1494;32;240;160
1495;160;240;160
1496;96;112;32
1497;224;112;32
1498;96;240;32
1499;224;240;32
1500;96;112;160
1501;224;112;160
1502;96;240;160
1503;224;240;160
1504;32;48;96
1505;160;48;96
1506;32;176;96
1507;160;176;96
1508;32;48;224
1509;160;48;224
1510;32;176;224
1511;160;176;224
1512;96;48;96
1513;224;48;96
1514;96;176;96
1515;224;176;96
1516;96;48;224
1517;224;48;224
1518;96;176;224
1519;224;176;224
1520;32;112;96
1521;160;112;96
1522;32;240;96
1523;160;240;96
1524;32;112;224
1525;160;112;224
1526;32;240;224
1527;160;240;224
1528;96;112;96
1529;224;112;96
1530;96;240;96
1531;224;240;96
1532;96;112;224
1533;224;112;224
1534;96;240;224
1535;224;240;224
1536;16;16;0
1537;144;16;0
1538;16;144;0
1539;144;144;0
1540;16;16;128
1541;144;16;128
1542;16;144;128
1543;144;144;128
1544;80;16;0
1545;208;16;0
1546;80;144;0
1547;208;144;0
1548;80;16;128
1549;208;16;128
1550;80;144;128
1551;208;144;128
1552;16;80;0
1553;144;80;0
1554;16;208;0
1555;144;208;0
1556;16;80;128
1557;144;80;128
1558;16;208;128
1559;144;208;128
1560;80;80;0
1561;208;80;0
1562;80;208;0
1563;208;208;0
1564;80;80;128
1565;208;80;128
1566;80;208;128
1567;208;208;128
1568;16;16;64
1569;144;16;64
1570;16;144;64
1571;144;144;64
1572;16;16;192
1573;144;16;192
1574;16;144;192
1575;144;144;192
1576;80;16;64
1577;208;16;64
1578;80;144;64
1579;208;144;64
1580;80;16;192
1581;208;16;192
1582;80;144;192
1583;208;144;192
1584;16;80;64
1585;144;80;64
1586;16;208;64
1587;144;208;64
1588;16;80;192
1589;144;80;192
1590;16;208;192
1591;144;208;192
1592;80;80;64
1593;208;80;64
1594;80;208;64
1595;208;208;64
1596;80;80;192
1597;208;80;192
1598;80;208;192
1599;208;208;192
1600;48;16;0
1601;176;16;0
1602;48;144;0
1603;176;144;0
1604;48;16;128
1605;176;16;128
1606;48;144;128
1607;176;144;128
1608;112;16;0
1609;240;16;0
1610;112;144;0
1611;240;144;0
1612;112;16;128
1613;240;16;128
1614;112;144;128
1615;240;144;128
1616;48;80;0
1617;176;80;0
1618;48;208;0
1619;176;208;0
1620;48;80;128
1621;176;80;128
1622;48;208;128
1623;176;208;128
1624;112;80;0
1625;240;80;0
1626;112;208;0
1627;240;208;0
1628;112;80;128
1629;240;80;128
1630;112;208;128
1631;240;208;128
1632;48;16;64
1633;176;16;64
1634;48;144;64
1635;176;144;64
1636;48;16;192
1637;176;16;192
1638;48;144;192
1639;176;144;192
1640;112;16;64
1641;240;16;64
1642;112;144;64
1643;240;144;64
1644;112;16;192
1645;240;16;192
1646;112;144;192
1647;240;144;192
1648;48;80;64
1649;176;80;64
1650;48;208;64
1651;176;208;64
1652;48;80;192
1653;176;80;192
1654;48;208;192
1655;176;208;192
1656;112;80;64
1657;240;80;64
1658;112;208;64
1659;240;208;64
1660;112;80;192
1661;240;80;192
1662;112;208;192
1663;240;208;192
1664;16;48;0
1665;144;48;0
1666;16;176;0
1667;144;176;0
1668;16;48;128
1669;144;48;128
1670;16;176;128
1671;144;176;128
1672;80;48;0
1673;208;48;0
1674;80;176;0
1675;208;176;0
1676;80;48;128
1677;208;48;128
1678;80;176;128
1679;208;176;128
1680;16;112;0
1681;144;112;0
1682;16;240;0
1683;144;240;0
1684;16;112;128
1685;144;112;128
1686;16;240;128
1687;144;240;128
1688;80;112;0
1689;208;112;0
1690;80;240;0
1691;208;240;0
1692;80;112;128
1693;208;112;128
1694;80;240;128
1695;208;240;128
1696;16;48;64
1697;144;48;64
1698;16;176;64
1699;144;176;64
1700;16;48;192
1701;144;48;192
1702;16;176;192
1703;144;176;192
1704;80;48;64
1705;208;48;64
1706;80;176;64
1707;208;176;64
1708;80;48;192
1709;208;48;192
1710;80;176;192
1711;208;176;192
1712;16;112;64
1713;144;112;64
1714;16;240;64
1715;144;240;64
1716;16;112;192
1717;144;112;192
1718;16;240;192
1719;144;240;192
1720;80;112;64
1721;208;112;64
1722;80;240;64
1723;208;240;64
1724;80;112;192
1725;208;112;192
1726;80;240;192
1727;208;240;192
1728;48;48;0
1729;176;48;0
1730;48;176;0
1731;176;176;0
1732;48;48;128
1733;176;48;128
1734;48;176;128
1735;176;176;128
1736;112;48;0
1737;240;48;0
1738;112;176;0
1739;240;176;0
1740;112;48;128
1741;240;48;128
1742;112;176;128
1743;240;176;128
1744;48;112;0
1745;176;112;0
1746;48;240;0
1747;176;240;0
1748;48;112;128
1749;176;112;128
1750;48;240;128
1751;176;240;128
1752;112;112;0
1753;240;112;0
1754;112;240;0
1755;240;240;0
1756;112;112;128
1757;240;112;128
1758;112;240;128
1759;240;240;128
1760;48;48;64
1761;176;48;64
1762;48;176;64
1763;176;176;64
1764;48;48;192
1765;176;48;192
1766;48;176;192
1767;176;176;192
1768;112;48;64
1769;240;48;64
1770;112;176;64
1771;240;176;64
1772;112;48;192
1773;240;48;192
1774;112;176;192
1775;240;176;192
1776;48;112;64
1777;176;112;64
1778;48;240;64
1779;176;240;64
1780;48;112;192
1781;176;112;192
1782;48;240;192
1783;176;240;192
1784;112;112;64
1785;240;112;64
1786;112;240;64
1787;240;240;64
1788;112;112;192
1789;240;112;192
1790;112;240;192
1791;240;240;192
1792;16;16;32
1793;144;16;32
1794;16;144;32
1795;144;144;32
1796;16;16;160
1797;144;16;160
1798;16;144;160
1799;144;144;160
1800;80;16;32
1801;208;16;32
1802;80;144;32
1803;208;144;32
1804;80;16;160
1805;208;16;160
1806;80;144;160
1807;208;144;160
1808;16;80;32
1809;144;80;32
1810;16;208;32
1811;144;208;32
1812;16;80;160
1813;144;80;160
1814;16;208;160
1815;144;208;160
1816;80;80;32
1817;208;80;32
1818;80;208;32
1819;208;208;32
1820;80;80;160
1821;208;80;160
1822;80;208;160
1823;208;208;160
1824;16;16;96
1825;144;16;96
1826;16;144;96
1827;144;144;96
1828;16;16;224
1829;144;16;224
1830;16;144;224
1831;144;144;224
1832;80;16;96
1833;208;16;96
1834;80;144;96
1835;208;144;96
1836;80;16;224
1837;208;16;224
1838;80;144;224
1839;208;144;224
1840;16;80;96
1841;144;80;96
1842;16;208;96
1843;144;208;96
1844;16;80;224
1845;144;80;224
1846;16;208;224
1847;144;208;224
1848;80;80;96
1849;208;80;96
1850;80;208;96
1851;208;208;96
1852;80;80;224
1853;208;80;224
1854;80;208;224
1855;208;208;224
1856;48;16;32
1857;176;16;32
1858;48;144;32
1859;176;144;32
1860;48;16;160
1861;176;16;160
1862;48;144;160
1863;176;144;160
1864;112;16;32
1865;240;16;32
1866;112;144;32
1867;240;144;32
1868;112;16;160
1869;240;16;160
1870;112;144;160
1871;240;144;160
1872;48;80;32
1873;176;80;32
1874;48;208;32
1875;176;208;32
1876;48;80;160
1877;176;80;160
1878;48;208;160
1879;176;208;160
1880;112;80;32
1881;240;80;32
1882;112;208;32
1883;240;208;32
1884;112;80;160
1885;240;80;160
1886;112;208;160
1887;240;208;160
1888;48;16;96
1889;176;16;96
1890;48;144;96
1891;176;144;96
1892;48;16;224
1893;176;16;224
1894;48;144;224
1895;176;144;224
1896;112;16;96
1897;240;16;96
1898;112;144;96
1899;240;144;96
1900;112;16;224
1901;240;16;224
1902;112;144;224
1903;240;144;224
1904;48;80;96
1905;176;80;96
1906;48;208;96
1907;176;208;96
1908;48;80;224
1909;176;80;224
1910;48;208;224
1911;176;208;224
1912;112;80;96
1913;240;80;96
1914;112;208;96
1915;240;208;96
1916;112;80;224
1917;240;80;224
1918;112;208;224
1919;240;208;224
1920;16;48;32
1921;144;48;32
1922;16;176;32
1923;144;176;32
1924;16;48;160
1925;144;48;160
1926;16;176;160
1927;144;176;160
1928;80;48;32
1929;208;48;32
1930;80;176;32
1931;208;176;32
1932;80;48;160
1933;208;48;160
1934;80;176;160
1935;208;176;160
1936;16;112;32
1937;144;112;32
1938;16;240;32
1939;144;240;32
1940;16;112;160
1941;144;112;160
1942;16;240;160
1943;144;240;160
1944;80;112;32
1945;208;112;32
1946;80;240;32
1947;208;240;32
1948;80;112;160
1949;208;112;160
1950;80;240;160
1951;208;240;160
1952;16;48;96
1953;144;48;96
1954;16;176;96
1955;144;176;96
1956;16;48;224
1957;144;48;224
1958;16;176;224
1959;144;176;224
1960;80;48;96
1961;208;48;96
1962;80;176;96
1963;208;176;96
1964;80;48;224
1965;208;48;224
1966;80;176;224
1967;208;176;224
1968;16;112;96
1969;144;112;96
1970;16;240;96
1971;144;240;96
1972;16;112;224
1973;144;112;224
1974;16;240;224
1975;144;240;224
1976;80;112;96
1977;208;112;96
1978;80;240;96
1979;208;240;96
1980;80;112;224
1981;208;112;224
1982;80;240;224
1983;208;240;224
1984;48;48;32
1985;176;48;32
1986;48;176;32
1987;176;176;32
1988;48;48;160
1989;176;48;160
1990;48;176;160
1991;176;176;160
1992;112;48;32
1993;240;48;32
1994;112;176;32
1995;240;176;32
1996;112;48;160
1997;240;48;160
1998;112;176;160
1999;240;176;160
2000;48;112;32
2001;176;112;32
2002;48;240;32
2003;176;240;32
2004;48;112;160
2005;176;112;160
2006;48;240;160
2007;176;240;160
2008;112;112;32
2009;240;112;32
2010;112;240;32
2011;240;240;32
2012;112;112;160
2013;240;112;160
2014;112;240;160
2015;240;240;160
2016;48;48;96
2017;176;48;96
2018;48;176;96
2019;176;176;96
2020;48;48;224
2021;176;48;224
2022;48;176;224
2023;176;176;224
2024;112;48;96
2025;240;48;96
2026;112;176;96
2027;240;176;96
2028;112;48;224
2029;240;48;224
2030;112;176;224
2031;240;176;224
2032;48;112;96
2033;176;112;96
2034;48;240;96
2035;176;240;96
2036;48;112;224
2037;176;112;224
2038;48;240;224
2039;176;240;224
2040;112;112;96
2041;240;112;96
2042;112;240;96
2043;240;240;96
2044;112;112;224
2045;240;112;224
2046;112;240;224
2047;240;240;224
2048;0;0;16
2049;128;0;16
2050;0;128;16
2051;128;128;16
2052;0;0;144
2053;128;0;144
2054;0;128;144
2055;128;128;144
2056;64;0;16
2057;192;0;16
2058;64;128;16
2059;192;128;16
2060;64;0;144
2061;192;0;144
2062;64;128;144
2063;192;128;144
2064;0;64;16
2065;128;64;16
2066;0;192;16
2067;128;192;16
2068;0;64;144
2069;128;64;144
2070;0;192;144
2071;128;192;144
2072;64;64;16
2073;192;64;16
2074;64;192;16
2075;192;192;16
2076;64;64;144
2077;192;64;144
2078;64;192;144
2079;192;192;144
2080;0;0;80
2081;128;0;80
2082;0;128;80
2083;128;128;80
2084;0;0;208
2085;128;0;208
2086;0;128;208
2087;128;128;208
2088;64;0;80
2089;192;0;80
2090;64;128;80
2091;192;128;80
2092;64;0;208
2093;192;0;208
2094;64;128;208
2095;192;128;208
2096;0;64;80
2097;128;64;80
2098;0;192;80
2099;128;192;80
2100;0;64;208
2101;128;64;208
2102;0;192;208
2103;128;192;208
2104;64;64;80
2105;192;64;80
2106;64;192;80
2107;192;192;80
2108;64;64;208
2109;192;64;208
2110;64;192;208
2111;192;192;208
2112;32;0;16
2113;160;0;16
2114;32;128;16
2115;160;128;16
2116;32;0;144
2117;160;0;144
2118;32;128;144
2119;160;128;144
2120;96;0;16
2121;224;0;16
2122;96;128;16
2123;224;128;16
2124;96;0;144
2125;224;0;144
2126;96;128;144
2127;224;128;144
2128;32;64;16
2129;160;64;16
2130;32;192;16
2131;160;192;16
2132;32;64;144
2133;160;64;144
2134;32;192;144
2135;160;192;144
2136;96;64;16
2137;224;64;16
2138;96;192;16
2139;224;192;16
2140;96;64;144
2141;224;64;144
2142;96;192;144
2143;224;192;144
2144;32;0;80
2145;160;0;80
2146;32;128;80
2147;160;128;80
2148;32;0;208
2149;160;0;208
2150;32;128;208
2151;160;128;208
2152;96;0;80
2153;224;0;80
2154;96;128;80
2155;224;128;80
2156;96;0;208
2157;224;0;208
2158;96;128;208
2159;224;128;208
2160;32;64;80
2161;160;64;80
2162;32;192;80
2163;160;192;80
2164;32;64;208
2165;160;64;208
2166;32;192;208
2167;160;192;208
2168;96;64;80
2169;224;64;80
2170;96;192;80
2171;224;192;80
2172;96;64;208
2173;224;64;208
2174;96;192;208
2175;224;192;208
2176;0;32;16
2177;128;32;16
2178;0;160;16
2179;128;160;16
2180;0;32;144
2181;128;32;144
2182;0;160;144
2183;128;160;144
2184;64;32;16
2185;192;32;16
2186;64;160;16
2187;192;160;16
2188;64;32;144
2189;192;32;144
2190;64;160;144
2191;192;160;144
2192;0;96;16
2193;128;96;16
2194;0;224;16
2195;128;224;16
2196;0;96;144
2197;128;96;144
2198;0;224;144
2199;128;224;144
2200;64;96;16
2201;192;96;16
2202;64;224;16
2203;192;224;16
2204;64;96;144
2205;192;96;144
2206;64;224;144
2207;192;224;144
2208;0;32;80
2209;128;32;80
2210;0;160;80
2211;128;160;80
2212;0;32;208
2213;128;32;208
2214;0;160;208
2215;128;160;208
2216;64;32;80
2217;192;32;80
2218;64;160;80
2219;192;160;80
2220;64;32;208
2221;192;32;208
2222;64;160;208
2223;192;160;208
2224;0;96;80
2225;128;96;80
2226;0;224;80
2227;128;224;80
2228;0;96;208
2229;128;96;208
2230;0;224;208
2231;128;224;208
2232;64;96;80
2233;192;96;80
2234;64;224;80
2235;192;224;80
2236;64;96;208
2237;192;96;208
2238;64;224;208
2239;192;224;208
2240;32;32;16
2241;160;32;16
2242;32;160;16
2243;160;160;16
2244;32;32;144
2245;160;32;144
2246;32;160;144
2247;160;160;144
2248;96;32;16
2249;224;32;16
2250;96;160;16
2251;224;160;16
2252;96;32;144
2253;224;32;144
2254;96;160;144
2255;224;160;144
2256;32;96;16
2257;160;96;16
2258;32;224;16
2259;160;224;16
2260;32;96;144
2261;160;96;144
2262;32;224;144
2263;160;224;144
2264;96;96;16
2265;224;96;16
2266;96;224;16
2267;224;224;16
2268;96;96;144
2269;224;96;144
2270;96;224;144
2271;224;224;144
2272;32;32;80
2273;160;32;80
2274;32;160;80
2275;160;160;80
2276;32;32;208
2277;160;32;208
2278;32;160;208
2279;160;160;208
2280;96;32;80
2281;224;32;80
2282;96;160;80
2283;224;160;80
2284;96;32;208
2285;224;32;208
2286;96;160;208
2287;224;160;208
2288;32;96;80
2289;160;96;80
2290;32;224;80
2291;160;224;80
2292;32;96;208
2293;160;96;208
2294;32;224;208
2295;160;224;208
2296;96;96;80
2297;224;96;80
2298;96;224;80
2299;224;224;80
2300;96;96;208
2301;224;96;208
2302;96;224;208
2303;224;224;208
2304;0;0;48
2305;128;0;48
2306;0;128;48
2307;128;128;48
2308;0;0;176
2309;128;0;176
2310;0;128;176
2311;128;128;176
2312;64;0;48
2313;192;0;48
2314;64;128;48
2315;192;128;48
2316;64;0;176
2317;192;0;176
2318;64;128;176
2319;192;128;176
2320;0;64;48
2321;128;64;48
2322;0;192;48
2323;128;192;48
2324;0;64;176
2325;128;64;176
2326;0;192;176
2327;128;192;176
2328;64;64;48
2329;192;64;48
2330;64;192;48
2331;192;192;48
2332;64;64;176
2333;192;64;176
2334;64;192;176
2335;192;192;176
2336;0;0;112
2337;128;0;112
2338;0;128;112
2339;128;128;112
2340;0;0;240
2341;128;0;240
2342;0;128;240
2343;128;128;240
2344;64;0;112
2345;192;0;112
2346;64;128;112
2347;192;128;112
2348;64;0;240
2349;192;0;240
2350;64;128;240
2351;192;128;240
2352;0;64;112
2353;128;64;112
2354;0;192;112
2355;128;192;112
2356;0;64;240
2357;128;64;240
2358;0;192;240
2359;128;192;240
2360;64;64;112
2361;192;64;112
2362;64;192;112
2363;192;192;112
2364;64;64;240
2365;192;64;240
2366;64;192;240
2367;192;192;240
2368;32;0;48
2369;160;0;48
2370;32;128;48
2371;160;128;48
2372;32;0;176
2373;160;0;176
2374;32;128;176
2375;160;128;176
2376;96;0;48
2377;224;0;48
2378;96;128;48
2379;224;128;48
2380;96;0;176
2381;224;0;176
2382;96;128;176
2383;224;128;176
2384;32;64;48
2385;160;64;48
2386;32;192;48
2387;160;192;48
2388;32;64;176
2389;160;64;176
2390;32;192;176
2391;160;192;176
2392;96;64;48
2393;224;64;48
2394;96;192;48
2395;224;192;48
2396;96;64;176
2397;224;64;176
2398;96;192;176
2399;224;192;176
2400;32;0;112
2401;160;0;112
2402;32;128;112
2403;160;128;112
2404;32;0;240
2405;160;0;240
2406;32;128;240
2407;160;128;240
2408;96;0;112
2409;224;0;112
2410;96;128;112
2411;224;128;112
2412;96;0;240
2413;224;0;240
2414;96;128;240
2415;224;128;240
2416;32;64;112
2417;160;64;112
2418;32;192;112
2419;160;192;112
2420;32;64;240
2421;160;64;240
2422;32;192;240
2423;160;192;240
2424;96;64;112
2425;224;64;112
2426;96;192;112
2427;224;192;112
2428;96;64;240
2429;224;64;240
2430;96;192;240
2431;224;192;240
2432;0;32;48
2433;128;32;48
2434;0;160;48
2435;128;160;48
2436;0;32;176
2437;128;32;176
2438;0;160;176
2439;128;160;176
2440;64;32;48
2441;192;32;48
2442;64;160;48
2443;192;160;48
2444;64;32;176
2445;192;32;176
2446;64;160;176
2447;192;160;176
2448;0;96;48
2449;128;96;48
2450;0;224;48
2451;128;224;48
2452;0;96;176
2453;128;96;176
2454;0;224;176
2455;128;224;176
2456;64;96;48
2457;192;96;48
2458;64;224;48
2459;192;224;48
2460;64;96;176
2461;192;96;176
2462;64;224;176
2463;192;224;176
2464;0;32;112
2465;128;32;112
2466;0;160;112
2467;128;160;112
2468;0;32;240
2469;128;32;240
2470;0;160;240
2471;128;160;240
2472;64;32;112
2473;192;32;112
2474;64;160;112
2475;192;160;112
2476;64;32;240
2477;192;32;240
2478;64;160;240
2479;192;160;240
2480;0;96;112
2481;128;96;112
2482;0;224;112
2483;128;224;112
2484;0;96;240
2485;128;96;240
2486;0;224;240
2487;128;224;240
2488;64;96;112
2489;192;96;112
2490;64;224;112
2491;192;224;112
2492;64;96;240
2493;192;96;240
2494;64;224;240
2495;192;224;240
2496;32;32;48
2497;160;32;48
2498;32;160;48
2499;160;160;48
2500;32;32;176
2501;160;32;176
2502;32;160;176
2503;160;160;176
2504;96;32;48
2505;224;32;48
2506;96;160;48
2507;224;160;48
2508;96;32;176
2509;224;32;176
2510;96;160;176
2511;224;160;176
2512;32;96;48
2513;160;96;48
2514;32;224;48
2515;160;224;48
2516;32;96;176
2517;160;96;176
2518;32;224;176
2519;160;224;176
2520;96;96;48
2521;224;96;48
2522;96;224;48
2523;224;224;48
2524;96;96;176
2525;224;96;176
2526;96;224;176
2527;224;224;176
2528;32;32;112
2529;160;32;112
2530;32;160;112
2531;160;160;112
2532;32;32;240
2533;160;32;240
2534;32;160;240
2535;160;160;240
2536;96;32;112
2537;224;32;112
2538;96;160;112
2539;224;160;112
2540;96;32;240
2541;224;32;240
2542;96;160;240
2543;224;160;240
2544;32;96;112
2545;160;96;112
2546;32;224;112
2547;160;224;112
2548;32;96;240
2549;160;96;240
2550;32;224;240
2551;160;224;240
2552;96;96;112
2553;224;96;112
2554;96;224;112
2555;224;224;112
2556;96;96;240
2557;224;96;240
2558;96;224;240
2559;224;224;240
2560;16;0;16
2561;144;0;16
2562;16;128;16
2563;144;128;16
2564;16;0;144
2565;144;0;144
2566;16;128;144
2567;144;128;144
2568;80;0;16
2569;208;0;16
2570;80;128;16
2571;208;128;16
2572;80;0;144
2573;208;0;144
2574;80;128;144
2575;208;128;144
2576;16;64;16
2577;144;64;16
2578;16;192;16
2579;144;192;16
2580;16;64;144
2581;144;64;144
2582;16;192;144
2583;144;192;144
2584;80;64;16
2585;208;64;16
2586;80;192;16
2587;208;192;16
2588;80;64;144
2589;208;64;144
2590;80;192;144
2591;208;192;144
2592;16;0;80
2593;144;0;80
2594;16;128;80
2595;144;128;80
2596;16;0;208
2597;144;0;208
2598;16;128;208
2599;144;128;208
2600;80;0;80
2601;208;0;80
2602;80;128;80
2603;208;128;80
2604;80;0;208
2605;208;0;208
2606;80;128;208
2607;208;128;208
2608;16;64;80
2609;144;64;80
2610;16;192;80
2611;144;192;80
2612;16;64;208
2613;144;64;208
2614;16;192;208
2615;144;192;208
2616;80;64;80
2617;208;64;80
2618;80;192;80
2619;208;192;80
2620;80;64;208
2621;208;64;208
2622;80;192;208
2623;208;192;208
2624;48;0;16
2625;176;0;16
2626;48;128;16
2627;176;128;16
2628;48;0;144
2629;176;0;144
2630;48;128;144
2631;176;128;144
2632;112;0;16
2633;240;0;16
2634;112;128;16
2635;240;128;16
2636;112;0;144
2637;240;0;144
2638;112;128;144
2639;240;128;144
2640;48;64;16
2641;176;64;16
2642;48;192;16
2643;176;192;16
2644;48;64;144
2645;176;64;144
2646;48;192;144
2647;176;192;144
2648;112;64;16
2649;240;64;16
2650;112;192;16
2651;240;192;16
2652;112;64;144
2653;240;64;144
2654;112;192;144
2655;240;192;144
2656;48;0;80
2657;176;0;80
2658;48;128;80
2659;176;128;80
2660;48;0;208
2661;176;0;208
2662;48;128;208
2663;176;128;208
2664;112;0;80
2665;240;0;80
2666;112;128;80
2667;240;128;80
2668;112;0;208
2669;240;0;208
2670;112;128;208
2671;240;128;208
2672;48;64;80
2673;176;64;80
2674;48;192;80
2675;176;192;80
2676;48;64;208
2677;176;64;208
2678;48;192;208
2679;176;192;208
2680;112;64;80
2681;240;64;80
2682;112;192;80
2683;240;192;80
2684;112;64;208
2685;240;64;208
2686;112;192;208
2687;240;192;208
2688;16;32;16
2689;144;32;16
2690;16;160;16
2691;144;160;16
2692;16;32;144
2693;144;32;144
2694;16;160;144
2695;144;160;144
2696;80;32;16
2697;208;32;16
2698;80;160;16
2699;208;160;16
2700;80;32;144
2701;208;32;144
2702;80;160;144
2703;208;160;144
2704;16;96;16
2705;144;96;16
2706;16;224;16
2707;144;224;16
2708;16;96;144
2709;144;96;144
2710;16;224;144
2711;144;224;144
2712;80;96;16
2713;208;96;16
2714;80;224;16
2715;208;224;16
2716;80;96;144
2717;208;96;144
2718;80;224;144
2719;208;224;144
2720;16;32;80
2721;144;32;80
2722;16;160;80
2723;144;160;80
2724;16;32;208
2725;144;32;208
2726;16;160;208
2727;144;160;208
2728;80;32;80
2729;208;32;80
2730;80;160;80
2731;208;160;80
2732;80;32;208
2733;208;32;208
2734;80;160;208
2735;208;160;208
2736;16;96;80
2737;144;96;80
2738;16;224;80
2739;144;224;80
2740;16;96;208
2741;144;96;208
2742;16;224;208
2743;144;224;208
2744;80;96;80
2745;208;96;80
2746;80;224;80
2747;208;224;80
2748;80;96;208
2749;208;96;208
2750;80;224;208
2751;208;224;208
2752;48;32;16
2753;176;32;16
2754;48;160;16
2755;176;160;16
2756;48;32;144
2757;176;32;144
2758;48;160;144
2759;176;160;144
2760;112;32;16
2761;240;32;16
2762;112;160;16
2763;240;160;16
2764;112;32;144
2765;240;32;144
2766;112;160;144
2767;240;160;144
2768;48;96;16
2769;176;96;16
2770;48;224;16
2771;176;224;16
2772;48;96;144
2773;176;96;144
2774;48;224;144
2775;176;224;144
2776;112;96;16
2777;240;96;16
2778;112;224;16
2779;240;224;16
2780;112;96;144
2781;240;96;144
2782;112;224;144
2783;240;224;144
2784;48;32;80
2785;176;32;80
2786;48;160;80
2787;176;160;80
2788;48;32;208
2789;176;32;208
2790;48;160;208
2791;176;160;208
2792;112;32;80
2793;240;32;80
2794;112;160;80
2795;240;160;80
2796;112;32;208
2797;240;32;208
2798;112;160;208
2799;240;160;208
2800;48;96;80
2801;176;96;80
2802;48;224;80
2803;176;224;80
2804;48;96;208
2805;176;96;208
2806;48;224;208
2807;176;224;208
2808;112;96;80
2809;240;96;80
2810;112;224;80
2811;240;224;80
2812;112;96;208
2813;240;96;208
2814;112;224;208
2815;240;224;208
2816;16;0;48
2817;144;0;48
2818;16;128;48
2819;144;128;48
2820;16;0;176
2821;144;0;176
2822;16;128;176
2823;144;128;176
2824;80;0;48
2825;208;0;48
2826;80;128;48
2827;208;128;48
2828;80;0;176
2829;208;0;176
2830;80;128;176
2831;208;128;176
2832;16;64;48
2833;144;64;48
2834;16;192;48
2835;144;192;48
2836;16;64;176
2837;144;64;176
2838;16;192;176
2839;144;192;176
2840;80;64;48
2841;208;64;48
2842;80;192;48
2843;208;192;48
2844;80;64;176
2845;208;64;176
2846;80;192;176
2847;208;192;176
2848;16;0;112
2849;144;0;112
2850;16;128;112
2851;144;128;112
2852;16;0;240
2853;144;0;240
2854;16;128;240
2855;144;128;240
2856;80;0;112
2857;208;0;112
2858;80;128;112
2859;208;128;112
2860;80;0;240
2861;208;0;240
2862;80;128;240
2863;208;128;240
2864;16;64;112
2865;144;64;112
2866;16;192;112
2867;144;192;112
2868;16;64;240
2869;144;64;240
2870;16;192;240
2871;144;192;240
2872;80;64;112
2873;208;64;112
2874;80;192;112
2875;208;192;112
2876;80;64;240
2877;208;64;240
2878;80;192;240
2879;208;192;240
2880;48;0;48
2881;176;0;48
2882;48;128;48
2883;176;128;48
2884;48;0;176
2885;176;0;176
2886;48;128;176
2887;176;128;176
2888;112;0;48
2889;240;0;48
2890;112;128;48
2891;240;128;48
2892;112;0;176
2893;240;0;176
2894;112;128;176
2895;240;128;176
2896;48;64;48
2897;176;64;48
2898;48;192;48
2899;176;192;48
2900;48;64;176
2901;176;64;176
2902;48;192;176
2903;176;192;176
2904;112;64;48
2905;240;64;48
2906;112;192;48
2907;240;192;48
2908;112;64;176
2909;240;64;176
2910;112;192;176
2911;240;192;176
2912;48;0;112
2913;176;0;112
2914;48;128;112
2915;176;128;112
2916;48;0;240
2917;176;0;240
2918;48;128;240
2919;176;128;240
2920;112;0;112
2921;240;0;112
2922;112;128;112
2923;240;128;112
2924;112;0;240
2925;240;0;240
2926;112;128;240
2927;240;128;240
2928;48;64;112
2929;176;64;112
2930;48;192;112
2931;176;192;112
2932;48;64;240
2933;176;64;240
2934;48;192;240
2935;176;192;240
2936;112;64;112
2937;240;64;112
2938;112;192;112
2939;240;192;112
2940;112;64;240
2941;240;64;240
2942;112;192;240
2943;240;192;240
2944;16;32;48
2945;144;32;48
2946;16;160;48
2947;144;160;48
2948;16;32;176
2949;144;32;176
2950;16;160;176
2951;144;160;176
2952;80;32;48
2953;208;32;48
2954;80;160;48
2955;208;160;48
2956;80;32;176
2957;208;32;176
2958;80;160;176
2959;208;160;176
2960;16;96;48
2961;144;96;48
2962;16;224;48
2963;144;224;48
2964;16;96;176
2965;144;96;176
2966;16;224;176
2967;144;224;176
2968;80;96;48
2969;208;96;48
2970;80;224;48
2971;208;224;48
2972;80;96;176
2973;208;96;176
2974;80;224;176
2975;208;224;176
2976;16;32;112
2977;144;32;112
2978;16;160;112
2979;144;160;112
2980;16;32;240
2981;144;32;240
2982;16;160;240
2983;144;160;240
2984;80;32;112
2985;208;32;112
2986;80;160;112
2987;208;160;112
2988;80;32;240
2989;208;32;240
2990;80;160;240
2991;208;160;240
2992;16;96;112
2993;144;96;112
2994;16;224;112
2995;144;224;112
2996;16;96;240
2997;144;96;240
2998;16;224;240
2999;144;224;240
3000;80;96;112
3001;208;96;112
3002;80;224;112
3003;208;224;112
3004;80;96;240
3005;208;96;240
3006;80;224;240
3007;208;224;240
3008;48;32;48
3009;176;32;48
3010;48;160;48
3011;176;160;48
3012;48;32;176
3013;176;32;176
3014;48;160;176
3015;176;160;176
3016;112;32;48
3017;240;32;48
3018;112;160;48
3019;240;160;48
3020;112;32;176
3021;240;32;176
3022;112;160;176
3023;240;160;176
3024;48;96;48
3025;176;96;48
3026;48;224;48
3027;176;224;48
3028;48;96;176
3029;176;96;176
3030;48;224;176
3031;176;224;176
3032;112;96;48
3033;240;96;48
3034;112;224;48
3035;240;224;48
3036;112;96;176
3037;240;96;176
3038;112;224;176
3039;240;224;176
3040;48;32;112
3041;176;32;112
3042;48;160;112
3043;176;160;112
3044;48;32;240
3045;176;32;240
3046;48;160;240
3047;176;160;240
3048;112;32;112
3049;240;32;112
3050;112;160;112
3051;240;160;112
3052;112;32;240
3053;240;32;240
3054;112;160;240
3055;240;160;240
3056;48;96;112
3057;176;96;112
3058;48;224;112
3059;176;224;112
3060;48;96;240
3061;176;96;240
3062;48;224;240
3063;176;224;240
3064;112;96;112
3065;240;96;112
3066;112;224;112
3067;240;224;112
3068;112;96;240
3069;240;96;240
3070;112;224;240
3071;240;224;240
3072;0;16;16
3073;128;16;16
3074;0;144;16
3075;128;144;16
3076;0;16;144
3077;128;16;144
3078;0;144;144
3079;128;144;144
3080;64;16;16
3081;192;16;16
3082;64;144;16
3083;192;144;16
3084;64;16;144
3085;192;16;144
3086;64;144;144
3087;192;144;144
3088;0;80;16
3089;128;80;16
3090;0;208;16
3091;128;208;16
3092;0;80;144
3093;128;80;144
3094;0;208;144
3095;128;208;144
3096;64;80;16
3097;192;80;16
3098;64;208;16
3099;192;208;16
3100;64;80;144
3101;192;80;144
3102;64;208;144
3103;192;208;144
3104;0;16;80
3105;128;16;80
3106;0;144;80
3107;128;144;80
3108;0;16;208
3109;128;16;208
3110;0;144;208
3111;128;144;208
3112;64;16;80
3113;192;16;80
3114;64;144;80
3115;192;144;80
3116;64;16;208
3117;192;16;208
3118;64;144;208
3119;192;144;208
3120;0;80;80
3121;128;80;80
3122;0;208;80
3123;128;208;80
3124;0;80;208
3125;128;80;208
3126;0;208;208
3127;128;208;208
3128;64;80;80
3129;192;80;80
3130;64;208;80
3131;192;208;80
3132;64;80;208
3133;192;80;208
3134;64;208;208
3135;192;208;208
3136;32;16;16
3137;160;16;16
3138;32;144;16
3139;160;144;16
3140;32;16;144
3141;160;16;144
3142;32;144;144
3143;160;144;144
3144;96;16;16
3145;224;16;16
3146;96;144;16
3147;224;144;16
3148;96;16;144
3149;224;16;144
3150;96;144;144
3151;224;144;144
3152;32;80;16
3153;160;80;16
3154;32;208;16
3155;160;208;16
3156;32;80;144
3157;160;80;144
3158;32;208;144
3159;160;208;144
3160;96;80;16
3161;224;80;16
3162;96;208;16
3163;224;208;16
3164;96;80;144
3165;224;80;144
3166;96;208;144
3167;224;208;144
3168;32;16;80
3169;160;16;80
3170;32;144;80
3171;160;144;80
3172;32;16;208
3173;160;16;208
3174;32;144;208
3175;160;144;208
3176;96;16;80
3177;224;16;80
3178;96;144;80
3179;224;144;80
3180;96;16;208
3181;224;16;208
3182;96;144;208
3183;224;144;208
3184;32;80;80
3185;160;80;80
3186;32;208;80
3187;160;208;80
3188;32;80;208
3189;160;80;208
3190;32;208;208
3191;160;208;208
3192;96;80;80
3193;224;80;80
3194;96;208;80
3195;224;208;80
3196;96;80;208
3197;224;80;208
3198;96;208;208
3199;224;208;208
3200;0;48;16
3201;128;48;16
3202;0;176;16
3203;128;176;16
3204;0;48;144
3205;128;48;144
3206;0;176;144
3207;128;176;144
3208;64;48;16
3209;192;48;16
3210;64;176;16
3211;192;176;16
3212;64;48;144
3213;192;48;144
3214;64;176;144
3215;192;176;144
3216;0;112;16
3217;128;112;16
3218;0;240;16
3219;128;240;16
3220;0;112;144
3221;128;112;144
3222;0;240;144
3223;128;240;144
3224;64;112;16
3225;192;112;16
3226;64;240;16
3227;192;240;16
3228;64;112;144
3229;192;112;144
3230;64;240;144
3231;192;240;144
3232;0;48;80
3233;128;48;80
3234;0;176;80
3235;128;176;80
3236;0;48;208
3237;128;48;208
3238;0;176;208
3239;128;176;208
3240;64;48;80
3241;192;48;80
3242;64;176;80
3243;192;176;80
3244;64;48;208
3245;192;48;208
3246;64;176;208
3247;192;176;208
3248;0;112;80
3249;128;112;80
3250;0;240;80
3251;128;240;80
3252;0;112;208
3253;128;112;208
3254;0;240;208
3255;128;240;208
3256;64;112;80
3257;192;112;80
3258;64;240;80
3259;192;240;80
3260;64;112;208
3261;192;112;208
3262;64;240;208
3263;192;240;208
3264;32;48;16
3265;160;48;16
3266;32;176;16
3267;160;176;16
3268;32;48;144
3269;160;48;144
3270;32;176;144
3271;160;176;144
3272;96;48;16
3273;224;48;16
3274;96;176;16
3275;224;176;16
3276;96;48;144
3277;224;48;144
3278;96;176;144
3279;224;176;144
3280;32;112;16
3281;160;112;16
3282;32;240;16
3283;160;240;16
3284;32;112;144
3285;160;112;144
3286;32;240;144
3287;160;240;144
3288;96;112;16
3289;224;112;16
3290;96;240;16
3291;224;240;16
3292;96;112;144
3293;224;112;144
3294;96;240;144
3295;224;240;144
3296;32;48;80
3297;160;48;80
3298;32;176;80
3299;160;176;80
3300;32;48;208
3301;160;48;208
3302;32;176;208
3303;160;176;208
3304;96;48;80
3305;224;48;80
3306;96;176;80
3307;224;176;80
3308;96;48;208
3309;224;48;208
3310;96;176;208
3311;224;176;208
3312;32;112;80
3313;160;112;80
3314;32;240;80
3315;160;240;80
3316;32;112;208
3317;160;112;208
3318;32;240;208
3319;160;240;208
3320;96;112;80
3321;224;112;80
3322;96;240;80
3323;224;240;80
3324;96;112;208
3325;224;112;208
3326;96;240;208
3327;224;240;208
3328;0;16;48
3329;128;16;48
3330;0;144;48
3331;128;144;48
3332;0;16;176
3333;128;16;176
3334;0;144;176
3335;128;144;176
3336;64;16;48
3337;192;16;48
3338;64;144;48
3339;192;144;48
3340;64;16;176
3341;192;16;176
3342;64;144;176
3343;192;144;176
3344;0;80;48
3345;128;80;48
3346;0;208;48
3347;128;208;48
3348;0;80;176
3349;128;80;176
3350;0;208;176
3351;128;208;176
3352;64;80;48
3353;192;80;48
3354;64;208;48
3355;192;208;48
3356;64;80;176
3357;192;80;176
3358;64;208;176
3359;192;208;176
3360;0;16;112
3361;128;16;112
3362;0;144;112
3363;128;144;112
3364;0;16;240
3365;128;16;240
3366;0;144;240
3367;128;144;240
3368;64;16;112
3369;192;16;112
3370;64;144;112
3371;192;144;112
3372;64;16;240
3373;192;16;240
3374;64;144;240
3375;192;144;240
3376;0;80;112
3377;128;80;112
3378;0;208;112
3379;128;208;112
3380;0;80;240
3381;128;80;240
3382;0;208;240
3383;128;208;240
3384;64;80;112
3385;192;80;112
3386;64;208;112
3387;192;208;112
3388;64;80;240
3389;192;80;240
3390;64;208;240
3391;192;208;240
3392;32;16;48
3393;160;16;48
3394;32;144;48
3395;160;144;48
3396;32;16;176
3397;160;16;176
3398;32;144;176
3399;160;144;176
3400;96;16;48
3401;224;16;48
3402;96;144;48
3403;224;144;48
3404;96;16;176
3405;224;16;176
3406;96;144;176
3407;224;144;176
3408;32;80;48
3409;160;80;48
3410;32;208;48
3411;160;208;48
3412;32;80;176
3413;160;80;176
3414;32;208;176
3415;160;208;176
3416;96;80;48
3417;224;80;48
3418;96;208;48
3419;224;208;48
3420;96;80;176
3421;224;80;176
3422;96;208;176
3423;224;208;176
3424;32;16;112
3425;160;16;112
3426;32;144;112
3427;160;144;112
3428;32;16;240
3429;160;16;240
3430;32;144;240
3431;160;144;240
3432;96;16;112
3433;224;16;112
3434;96;144;112
3435;224;144;112
3436;96;16;240
3437;224;16;240
3438;96;144;240
3439;224;144;240
3440;32;80;112
3441;160;80;112
3442;32;208;112
3443;160;208;112
3444;32;80;240
3445;160;80;240
3446;32;208;240
3447;160;208;240
3448;96;80;112
3449;224;80;112
3450;96;208;112
3451;224;208;112
3452;96;80;240
3453;224;80;240
3454;96;208;240
3455;224;208;240
3456;0;48;48
3457;128;48;48
3458;0;176;48
3459;128;176;48
3460;0;48;176
3461;128;48;176
3462;0;176;176
3463;128;176;176
3464;64;48;48
3465;192;48;48
3466;64;176;48
3467;192;176;48
3468;64;48;176
3469;192;48;176
3470;64;176;176
3471;192;176;176
3472;0;112;48
3473;128;112;48
3474;0;240;48
3475;128;240;48
3476;0;112;176
3477;128;112;176
3478;0;240;176
3479;128;240;176
3480;64;112;48
3481;192;112;48
3482;64;240;48
3483;192;240;48
3484;64;112;176
3485;192;112;176
3486;64;240;176
3487;192;240;176
3488;0;48;112
3489;128;48;112
3490;0;176;112
3491;128;176;112
3492;0;48;240
3493;128;48;240
3494;0;176;240
3495;128;176;240
3496;64;48;112
3497;192;48;112
3498;64;176;112
3499;192;176;112
3500;64;48;240
3501;192;48;240
3502;64;176;240
3503;192;176;240
3504;0;112;112
3505;128;112;112
3506;0;240;112
3507;128;240;112
3508;0;112;240
3509;128;112;240
3510;0;240;240
3511;128;240;240
3512;64;112;112
3513;192;112;112
3514;64;240;112
3515;192;240;112
3516;64;112;240
3517;192;112;240
3518;64;240;240
3519;192;240;240
3520;32;48;48
3521;160;48;48
3522;32;176;48
3523;160;176;48
3524;32;48;176
3525;160;48;176
3526;32;176;176
3527;160;176;176
3528;96;48;48
3529;224;48;48
3530;96;176;48
3531;224;176;48
3532;96;48;176
3533;224;48;176
3534;96;176;176
3535;224;176;176
3536;32;112;48
3537;160;112;48
3538;32;240;48
3539;160;240;48
3540;32;112;176
3541;160;112;176
3542;32;240;176
3543;160;240;176
3544;96;112;48
3545;224;112;48
3546;96;240;48
3547;224;240;48
3548;96;112;176
3549;224;112;176
3550;96;240;176
3551;224;240;176
3552;32;48;112
3553;160;48;112
3554;32;176;112
3555;160;176;112
3556;32;48;240
3557;160;48;240
3558;32;176;240
3559;160;176;240
3560;96;48;112
3561;224;48;112
3562;96;176;112
3563;224;176;112
3564;96;48;240
3565;224;48;240
3566;96;176;240
3567;224;176;240
3568;32;112;112
3569;160;112;112
3570;32;240;112
3571;160;240;112
3572;32;112;240
3573;160;112;240
3574;32;240;240
3575;160;240;240
3576;96;112;112
3577;224;112;112
3578;96;240;112
3579;224;240;112
3580;96;112;240
3581;224;112;240
3582;96;240;240
3583;224;240;240
3584;16;16;16
3585;144;16;16
3586;16;144;16
3587;144;144;16
3588;16;16;144
3589;144;16;144
3590;16;144;144
3591;144;144;144
3592;80;16;16
3593;208;16;16
3594;80;144;16
3595;208;144;16
3596;80;16;144
3597;208;16;144
3598;80;144;144
3599;208;144;144
3600;16;80;16
3601;144;80;16
3602;16;208;16
3603;144;208;16
3604;16;80;144
3605;144;80;144
3606;16;208;144
3607;144;208;144
3608;80;80;16
3609;208;80;16
3610;80;208;16
3611;208;208;16
3612;80;80;144
3613;208;80;144
3614;80;208;144
3615;208;208;144
3616;16;16;80
3617;144;16;80
3618;16;144;80
3619;144;144;80
3620;16;16;208
3621;144;16;208
3622;16;144;208
3623;144;144;208
3624;80;16;80
3625;208;16;80
3626;80;144;80
3627;208;144;80
3628;80;16;208
3629;208;16;208
3630;80;144;208
3631;208;144;208
3632;16;80;80
3633;144;80;80
3634;16;208;80
3635;144;208;80
3636;16;80;208
3637;144;80;208
3638;16;208;208
3639;144;208;208
3640;80;80;80
3641;208;80;80
3642;80;208;80
3643;208;208;80
3644;80;80;208
3645;208;80;208
3646;80;208;208
3647;208;208;208
3648;48;16;16
3649;176;16;16
3650;48;144;16
3651;176;144;16
3652;48;16;144
3653;176;16;144
3654;48;144;144
3655;176;144;144
3656;112;16;16
3657;240;16;16
3658;112;144;16
3659;240;144;16
3660;112;16;144
3661;240;16;144
3662;112;144;144
3663;240;144;144
3664;48;80;16
3665;176;80;16
3666;48;208;16
3667;176;208;16
3668;48;80;144
3669;176;80;144
3670;48;208;144
3671;176;208;144
3672;112;80;16
3673;240;80;16
3674;112;208;16
3675;240;208;16
3676;112;80;144
3677;240;80;144
3678;112;208;144
3679;240;208;144
3680;48;16;80
3681;176;16;80
3682;48;144;80
3683;176;144;80
3684;48;16;208
3685;176;16;208
3686;48;144;208
3687;176;144;208
3688;112;16;80
3689;240;16;80
3690;112;144;80
3691;240;144;80
3692;112;16;208
3693;240;16;208
3694;112;144;208
3695;240;144;208
3696;48;80;80
3697;176;80;80
3698;48;208;80
3699;176;208;80
3700;48;80;208
3701;176;80;208
3702;48;208;208
3703;176;208;208
3704;112;80;80
3705;240;80;80
3706;112;208;80
3707;240;208;80
3708;112;80;208
3709;240;80;208
3710;112;208;208
3711;240;208;208
3712;16;48;16
3713;144;48;16
3714;16;176;16
3715;144;176;16
3716;16;48;144
3717;144;48;144
3718;16;176;144
3719;144;176;144
3720;80;48;16
3721;208;48;16
3722;80;176;16
3723;208;176;16
3724;80;48;144
3725;208;48;144
3726;80;176;144
3727;208;176;144
3728;16;112;16
3729;144;112;16
3730;16;240;16
3731;144;240;16
3732;16;112;144
3733;144;112;144
3734;16;240;144
3735;144;240;144
3736;80;112;16
3737;208;112;16
3738;80;240;16
3739;208;240;16
3740;80;112;144
3741;208;112;144
3742;80;240;144
3743;208;240;144
3744;16;48;80
3745;144;48;80
3746;16;176;80
3747;144;176;80
3748;16;48;208
3749;144;48;208
3750;16;176;208
3751;144;176;208
3752;80;48;80
3753;208;48;80
3754;80;176;80
3755;208;176;80
3756;80;48;208
3757;208;48;208
3758;80;176;208
3759;208;176;208
3760;16;112;80
3761;144;112;80
3762;16;240;80
3763;144;240;80
3764;16;112;208
3765;144;112;208
3766;16;240;208
3767;144;240;208
3768;80;112;80
3769;208;112;80
3770;80;240;80
3771;208;240;80
3772;80;112;208
3773;208;112;208
3774;80;240;208
3775;208;240;208
3776;48;48;16
3777;176;48;16
3778;48;176;16
3779;176;176;16
3780;48;48;144
3781;176;48;144
3782;48;176;144
3783;176;176;144
3784;112;48;16
3785;240;48;16
3786;112;176;16
3787;240;176;16
3788;112;48;144
3789;240;48;144
3790;112;176;144
3791;240;176;144
3792;48;112;16
3793;176;112;16
3794;48;240;16
3795;176;240;16
3796;48;112;144
3797;176;112;144
3798;48;240;144
3799;176;240;144
3800;112;112;16
3801;240;112;16
3802;112;240;16
3803;240;240;16
3804;112;112;144
3805;240;112;144
3806;112;240;144
3807;240;240;144
3808;48;48;80
3809;176;48;80
3810;48;176;80
3811;176;176;80
3812;48;48;208
3813;176;48;208
3814;48;176;208
3815;176;176;208
3816;112;48;80
3817;240;48;80
3818;112;176;80
3819;240;176;80
3820;112;48;208
3821;240;48;208
3822;112;176;208
3823;240;176;208
3824;48;112;80
3825;176;112;80
3826;48;240;80
3827;176;240;80
3828;48;112;208
3829;176;112;208
3830;48;240;208
3831;176;240;208
3832;112;112;80
3833;240;112;80
3834;112;240;80
3835;240;240;80
3836;112;112;208
3837;240;112;208
3838;112;240;208
3839;240;240;208
3840;16;16;48
3841;144;16;48
3842;16;144;48
3843;144;144;48
3844;16;16;176
3845;144;16;176
3846;16;144;176
3847;144;144;176
3848;80;16;48
3849;208;16;48
3850;80;144;48
3851;208;144;48
3852;80;16;176
3853;208;16;176
3854;80;144;176
3855;208;144;176
3856;16;80;48
3857;144;80;48
3858;16;208;48
3859;144;208;48
3860;16;80;176
3861;144;80;176
3862;16;208;176
3863;144;208;176
3864;80;80;48
3865;208;80;48
3866;80;208;48
3867;208;208;48
3868;80;80;176
3869;208;80;176
3870;80;208;176
3871;208;208;176
3872;16;16;112
3873;144;16;112
3874;16;144;112
3875;144;144;112
3876;16;16;240
3877;144;16;240
3878;16;144;240
3879;144;144;240
3880;80;16;112
3881;208;16;112
3882;80;144;112
3883;208;144;112
3884;80;16;240
3885;208;16;240
3886;80;144;240
3887;208;144;240
3888;16;80;112
3889;144;80;112
3890;16;208;112
3891;144;208;112
3892;16;80;240
3893;144;80;240
3894;16;208;240
3895;144;208;240
3896;80;80;112
3897;208;80;112
3898;80;208;112
3899;208;208;112
3900;80;80;240
3901;208;80;240
3902;80;208;240
3903;208;208;240
3904;48;16;48
3905;176;16;48
3906;48;144;48
3907;176;144;48
3908;48;16;176
3909;176;16;176
3910;48;144;176
3911;176;144;176
3912;112;16;48
3913;240;16;48
3914;112;144;48
3915;240;144;48
3916;112;16;176
3917;240;16;176
3918;112;144;176
3919;240;144;176
3920;48;80;48
3921;176;80;48
3922;48;208;48
3923;176;208;48
3924;48;80;176
3925;176;80;176
3926;48;208;176
3927;176;208;176
3928;112;80;48
3929;240;80;48
3930;112;208;48
3931;240;208;48
3932;112;80;176
3933;240;80;176
3934;112;208;176
3935;240;208;176
3936;48;16;112
3937;176;16;112
3938;48;144;112
3939;176;144;112
3940;48;16;240
3941;176;16;240
3942;48;144;240
3943;176;144;240
3944;112;16;112
3945;240;16;112
3946;112;144;112
3947;240;144;112
3948;112;16;240
3949;240;16;240
3950;112;144;240
3951;240;144;240
3952;48;80;112
3953;176;80;112
3954;48;208;112
3955;176;208;112
3956;48;80;240
3957;176;80;240
3958;48;208;240
3959;176;208;240
3960;112;80;112
3961;240;80;112
3962;112;208;112
3963;240;208;112
3964;112;80;240
3965;240;80;240
3966;112;208;240
3967;240;208;240
3968;16;48;48
3969;144;48;48
3970;16;176;48
3971;144;176;48
3972;16;48;176
3973;144;48;176
3974;16;176;176
3975;144;176;176
3976;80;48;48
3977;208;48;48
3978;80;176;48
3979;208;176;48
3980;80;48;176
3981;208;48;176
3982;80;176;176
3983;208;176;176
3984;16;112;48
3985;144;112;48
3986;16;240;48
3987;144;240;48
3988;16;112;176
3989;144;112;176
3990;16;240;176
3991;144;240;176
3992;80;112;48
3993;208;112;48
3994;80;240;48
3995;208;240;48
3996;80;112;176
3997;208;112;176
3998;80;240;176
3999;208;240;176
